year,nominees
1947,"
Corrado Alvaro, L’età breve (Bompiani)
Carlo Bernari, Prologo alle tenebre (Mondadori)
Giuseppe Berto, Il cielo è rosso (Longanesi)
Libero Bigiaretti, Il villino (Garzanti)
Manlio Dazzi, Gelsomino (Garzanti)
Antonietta Drago, Furiosi amori dell’ottocento(Longanesi)
Ennio Flaiano, Tempo di uccidere (Longanesi)
Carlo Levi, Paura della libertà (Einaudi)
Virgilio Lilli, Gazzettino (Garzanti)
Gianna Manzini Forte come un leone (Mondadori)
Marino Moretti, I coniugi Allori (Mondadori)
Enrico Pea, Lisetta (Mondadori)
Alberto Savinio, Tutta la vita (Bompiani)
Lamberti Sorrentino, Isba e steppa (Mondadori)
Dino Terra, La pietra di David (Garzanti)
Gino Vicentini, Gli occhi indiscreti (Vallecchi)
Elio Vittorini, Il Sempione strizza l’occhio al Frejus(Bompiani)
"
1948,"
Anna Banti, Artemisia (Sansoni)
Giuseppe Berto, Le opere di Dio (Macchia)
Ugo Betti, Strana serata (Garzanti)
Aldo Bizzarri, Proibito vivere (Mondadori)
Vincenzo Cardarelli, Villa Tarantola (Edizioni della Meridiana)
Carlo Coccioli, La piccola valle di Dio (Vallecchi)
Giovanni Comisso, Capriccio e illusione (Mondadori)
Angelo Del Boca, Dentro mi è nato l’uomo (Einaudi)
Gino De Sanctis, Viaggio di ritorno (Ed. Mediterranea)
Franco Fortini, Agonia di Natale (Einaudi)
Renato Giani, La grande biografia (Il Pellicano)
Curzio Malaparte, Il sole è cieco (Vallecchi)
Silvio Micheli, Un figlio, ella disse (Einaudi)
Aldo Palazzeschi, I fratelli Cuccoli (Vallecchi)
Cesare Pavese, Il compagno (Einaudi)
Lea Quaretti, La voce nel fiume (Neri Pozza)
Raul Radice, Un matrimonio mancato (Mondadori)
Domenico Rea, Spaccanapoli (Mondadori)
Guido Seborga, L’uomo di Caporosso (Mondadori)
Bonaventura Tecchi, La presenza del male (Bompiani)
Alberto Vigevani, La fidanzata (Mondadori)
"
1949,"
Giovanni Battista Angioletti, La memoria (Bompiani)
Dino Buzzati, Paura alla Scala (Mondadori)
Giovanni Comisso, Amori d’Oriente (Garzanti)
Pia D’Alessandria, Favola proibita (Tumminelli)
Manlio Magini, Morte dell’adolescenza (Vallecchi)
Giuseppe Marotta, San Gennaro non dice mai no(Bompiani)
Armando Meoni, L’ombra dei vivi (Vallecchi)
Orsola Nemi, Maddalena nella palude (Longanesi)
Cesare Pavese, Prima che il gallo canti (Einaudi)
Enrico Pea, Fitina (Vallecchi)
Vasco Pratolini, Un eroe del nostro tempo (Bompiani)
Michele Prisco, La provincia addormentata (Mondadori)
Giuseppe Raimondi, Giuseppe in Italia (Mondadori)
Camillo Sbarbaro, Trucioli (Mondadori)
Leonardo Sinisgalli, Belliboschi (Mondadori)
Elio Vittorini, Le donne di Messina (Bompiani)
"
1950,"
Carlo Bernari, Speranzella (Mondadori)
Italo Calvino, Ultimo viene il corvo (Einaudi)
Giuseppe Dessì, Storia del principe Lui (Mondadori)
Carlo Coccioli, Il cielo e la terra (Vallecchi)
Marise Ferro, La guerra è stupida (Edizioni Milano Sera)
Luigi Figallo, Una donna al giorno (Longanesi)
Beniamino Joppolo, Un cane ucciso (Bompiani)
Nicola Lisi, La nuova Tebaide (Vallecchi)
Curzio Malaparte, La pelle (Ali d’Italia)
Gianna Manzini, Ho visto il tuo cuore (Mondadori)
Concetto Marchesi, Il libro di Tersite (Mondadori)
Donato Martucci, Lo strano settembre 1950 (Longanesi)
Cesare Pavese, La bella estate (Einaudi)
Lea Quaretti, La donna sbagliata (Neri Pozza)
Giani Stuparich, Il giudizio di Paride (Garzanti)
Francesco Maria Taliani, È morto in Cina (Mondadori)
Eugenio Vaquer, Il procuratore (Bompiani)
Flora Volpini, La fiorentina (Bompiani)
"
1951,"
Corrado Alvaro, Quasi una vita (Bompiani)
Bruno Barilli, Capricci di vegliardo (Einaudi)
Dino Buzzati, In quel preciso momento (Mondadori)
Gian Paolo Callegari, I baroni (Garzanti)
Lia Castelfranco, Acqua grigia (Mondadori)
Giovanni Comisso, Le mie stagioni (Garzanti)
Raoul Maria De Angelis, Panche gialle. Sangue negro (Mondadori)
Agostino Degli Espinosa, Ognuno con la sua miseria (Mondadori)
Carlo Levi, L’orologio (Einaudi)
Alberto Moravia, Il conformista (Bompiani)
Gian Gaspare Napolitano, La Mariposa (Vallecchi)
Anna Maria Ortese, L’infanta sepolta (Edizioni Milano Sera)
Mario Peserico, Josèphine (Guanda)
Guglielmo Petroni, La casa si muove (Mondadori)
Domenico Rea, Gesù, fate luce (Mondadori)
Mario Soldati, A cena con il commendatore (Longanesi)
"
1952,"
Italo Calvino, Il visconte dimezzato (Mondadori)
Renato Cannavale, Ponti che crollano (Macchia)
Giovanni Del Pizzo, Trapasso di stagioni (Guanda)
Augusto Frassineti, Misteri dei ministeri (Guanda)
Arnaldo Frateili, Controvento (Bompiani)
Carlo Emilio Gadda, Il primo libro delle favole (Garzanti)
Ettore Margadonna, Dio semina gli uomini (Leonardo da Vinci)
Paolo Monelli, La morte del diplomatico (Baldini)
Alberto Moravia, I racconti (Bompiani)
Goffredo Parise, Il ragazzo morto e le comete (Neri Pozza)
Ercole Patti, Il punto debole (Casini)
Luigi Santucci, Lo zio prete (Mondadori)
Toti Scialoja, I segni della corda (Edizioni della Meridiana)
Fortunato Seminara, La masseria (Garzanti)
Mario Tobino, Il deserto della Libia (Einaudi)
Dante Troisi, L’ulivo nella sabbia (Macchia)
"
1953,"
Elio Bartolini, Due ponti a Caracas (Mondadori)
Giorgio Bassani, La passeggiata prima di cena (Botteghe oscure)
Carlo Bernari, Vesuvio e pane (Vallecchi)
Massimo Bontempelli, L’amante fedele (Mondadori)
Raffaello Brignetti, Morte per acqua (Sansoni)
Vera Cacciatore, Vendita all’asta (Garzanti)
Gian Paolo Callegari, Fringuelli per l’Arcivescovo (Macchia)
Sansoni D’Arzo, Casa d’altri (Sansoni)
Vittorio Del Gaizo, Tempo sulla terra (Rizzoli)
Carlo Emilio Gadda, Novelle dal ducato in fiamme (Vallecchi)
Gianna Manzini, Animali sacri e profani (Casini)
Mario Rigoni Stern, Il sergente nella neve (Einaudi)
Giose Rimanelli, Tiro al piccione (Mondadori)
Lalla Romano, Maria (Einaudi)
Fortunato Seminara, Donne di Napoli (Garzanti)
Lucia Sollazzo, Morte dei Cabraz (Neri Pozza)
Elio Talarico, Né vivi né morti (Bompiani)
Mario Tobino, Le libere donne di Magliano (Vallecchi)
"
1954,"
Dino Buzzati, Il crollo della Baliverna (Mondadori)
Giampiero Carocci, Il campo degli ufficiali (Einaudi)
Carlo Cassola, Il taglio del bosco (Einaudi)
Raoul Maria De Angelis, Storia di uno sconosciuto (Vallecchi)
Oreste Del Buono, Acqua alla gola (Mondadori)
Rodolfo De Mattei, Labirinto romano (Vallecchi)
Enrico Emanuelli, Un viaggio sopra la terra (Mondadori)
Massimo Franciosa, Una chitarra in paradiso (Cappelli)
Sirio Giannini, Prati di fieno (Mondadori)
Giuseppe Gironda, Clotilde Rodio (Casini)
Giuliano Leggeri, Domenica sul fiume (Sansoni)
Guido Lopez, La prova del nove (Mondadori)
Milena Milani, Emilia sulla diga (Mondadori)
Ottiero Ottieri, Memorie dell’incoscienza (Einaudi)
Ercole Patti, Giovannino (Bompiani)
Leonida Rèpaci, Un riccone torna alla terra (Ceschina)
Vittorio Sermonti, La bambina Europa (Sansoni)
Mario Soldati, Le lettere da Capri (Garzanti)
Giacinto Spagnoletti, Le orecchie del diavolo (Sansoni)
Lina Zaleo, Il Fiore dell’agrifoglio (Zamboni)
"
1955,"
Giana Anguissola, I demoni vestono come noi (Bocca)
Giuseppe Berto, Guerra in camicia nera (Garzanti)
Giuseppe Bonaviri, Il sarto della strada lunga (Einaudi)
Raffaele Brignetti, La deriva (Einaudi)
Dario Cecchi, Tiziano (Longanesi)
Giovanni Comisso, Un gatto attraversa la strada (Mondadori)
Giuseppe Dessì, I passeri (Nistri-Lischi)
Livia De Stefani, Gli affatturati (Mondadori)
Beppe Fenoglio, La malora (Einaudi)
Orsola Nemi, Rotta a nord (Vallecchi)
Pier Paolo Pasolini, Ragazzi di vita (Garzanti)
Michele Prisco, Figli difficili (Rizzoli)
Lea Quaretti, L’estate di Anna (Vallecchi)
Domenico Rea, Quel che vide Cummeo (Mondadori)
Nello Sàito, Gli avventurosi siciliani (Einaudi)
"
1956,"
Elio Bartolini, La bellezza d’Ippolita (Einaudi)
Giorgio Bassani, Cinque storie ferraresi (Einaudi)
Sandro Bevilacqua, La casa delle spose (Cappelli)
Angelo Del Boca, Viaggio nella luna (Vallecchi)
Piero Gadda Conti, Adamira (Bompiani)
Carlo Levi, Le parole sono pietre (Einaudi)
Antonio Meluschi, La fabbrica dei bambini (Mondadori)
Ercole Patti, Un amore a Roma (Bompiani)
Guglielmo Petroni, Noi dobbiamo parlare (Mondadori)
Pier Antonio Quarantotti Gambini, Amor militare (Einaudi)
Roberto Ridolfi, Memorie di uno studioso (Belardetti)
Leonardo Sciascia, Le parrocchie di Regalpetra (Laterza)
Folco Tempesti, Elena, nostra donna (UBER)
Dante Troisi, Diario di un giudice (Einaudi)
Alfonso Vinci, Samatari, Orinoco-Amazzoni (Leonardo da Vinci)
"
1957,"
Antonio Aniante, La rosa di zolfo (Cappelli)
Giuseppe Bartolucci, Lettere d’amore (Feltrinelli)
Oddone Beltrami, Il quarto Michele (Mondadori)
Roberto Bosi, Veronica (Mondadori)
Gian Paolo Callegari, Janchicedda (Mondadori)
Gino Cesaretti, I pipistrelli (Einaudi)
Luigi Davì, Gimkana-Cross (Einaudi)
Ugo Facco de Lagarda, Le figlie inquiete (Bompiani)
Carlo Laurenzi, Due anni a Roma (Neri Pozza)
Arturo Loria, Settanta favole (Sansoni)
Remo Lugli, Il piano di sopra (Monadori)
Armando Meoni, Assedio a Firenze (Vallecchi)
Carlo Montella, Incendio al catasto (Vallecchi)
Gino Montesanto, Cielo chiuso (Massimo)
Elsa Morante, L’isola di Arturo (Einaudi)
Uberto Paolo Quintavalle, Segnati a dito (La Parrucca)
Silvia Risolo, È tardi, ormai, Madeleine (Vallecchi)
Giovanni Vittorio Rossi, Il granchio gioca col mare (Mondadori)
Mario Schettini, I ragazzi di Milano (Mondadori)
Orio Vergani, Udienza a Porte chiuse (Rizzoli)
Giovanna Zangrandi, Orsola nelle stagioni (Mondadori)
"
1958,"
Enzo Bettiza, Il fantasma di Trieste (Longanesi)
Oliviero Honoré Bianchi, Notte del diavolo (Mondadori)
Dino Buzzati, Sessanta racconti (Mondadori)
Giancarlo Buzzi, Il senatore (Feltrinelli)
Aldo Camerino, Il salotto giallo (Rebellato)
Carlo Cassola, Il soldato (Feltrinelli)
Gian Antonio Cibotto, La coda del parroco (Vallecchi)
Mario Devena, Un requiem per Addolorata (Lerici)
Giancarlo Fusco, Le rose del ventennio (Einaudi)
Tommaso Landolfi, Ottavio di Saint Vincent (Vallecchi)
Giuseppe Longo, Foglietti e pianete (Cappelli)
Giovanni Parente, I giorni della creta (Casini)
Luigi Zampa, Il successo (Carucci)
"
1959,"
Oddone Beltrami, La pietra d’inciampo (Ceschina)
Achille Campanile, Il povero Piero (Rizzoli)
Beppe Fenoglio, Primavera di bellezza (Garzanti)
Massimo Franciosa, La finta sorella (Vallecchi)
Augusto Frassineti, Misteri dei ministeri ed altri misteri (Longanesi)
Teodoro Giùttari, Notti bianche al carcere (Rizzoli)
Enrico La Stella, Il silenzio è forte (Sugar)
Nicola Madia, Facce sporche (Carulli)
Ottiero Ottieri, Donnarumma all’assalto (Garzanti)
Pier Paolo Pasolini, Una vita violenta (Garzanti)
Mario Praz, La casa della vita (Mondadori)
Uberto Paolo Quintavalle, Capitale mancata (Feltrinelli)
Beatrice Solinas Donghi, L’estate della menzogna (Feltrinelli)
Fernando Tempesti, La raganella (Feltrinelli)
Giovanni Testori, Il ponte della Ghisolfa (Feltrinelli)
Giuseppe Tomasi di Lampedusa, II Gattopardo (Feltrinelli)
"
1960,"
Alberto Arbasino, L’anonimo lombardo (Feltrinelli)
Giovanni Arpino, La suora giovane (Einaudi)
Laudamia Bonanni, L’imputata (Bompiani)
Raffaello Brignetti, La riva di Charleston (Einaudi)
Italo Calvino, Il cavaliere inesistente (Einaudi)
Manlio Cancogni, Una parigina (Feltrinelli)
Carlo Cassola, La ragazza di Bube (Einaudi)
Laura Di Falco, Una donna disponibile (Salvatore Siascia)
Ettore Lo Gatto,  Puškin. Storia di un poeta e del suo eroe (Mursia)
Claudia Patrizi, Stanotte cambia vento (Rizzoli)
Mario Picchi, Roma di giorno (Lerici)
Renzo Rosso, L’adescamento (Feltrinelli)
Furio Sampoli, Lo specchio nero (Vallecchi)
Sergio Saviane, Festa di laurea (Parenti)
Vittorio Sermonti, Giorni travestiti da giorni (Feltrinelli)
"
1961,"
Giovanni Arpino, Un delitto d’onore (Mondadori)
Gian Piero Bona, Il soldato nudo (Lerici)
Rodolfo Celletti, Viale Bianca Maria (Feltrinelli)
Fausta Cialente, Ballata levantina (Feltrinelli)
Augusto Frassineti, L’unghia dell’asino (Garzanti)
Natalia Ginzburg, Le voci della sera (Einaudi)
Giovanni Guaita, Florestano e i ladroni (Vallecchi)
Raffaele La Capria, Ferito a morte (Bompiani)
Nino Palumbo, Pane verde (Parenti)
Lalla Romano, L’uomo che parlava solo (Mondadori)
Leonardo Sciascia, Il giorno della civetta (Einaudi)
Umberto Simonetta, Lo sbarbato (Parenti)
Saverio Strati, Mani vuote (Mondadori)
Giovanni Testori, Il fabbricone (Feltrinelli)
Fabio Tombari, L’incontro (Mondadori)
Brunello Vandano, Pelle di Satana (Canesi)
"
1962,"
Anna Banti, Le mosche d’oro (Mondadori)
Antonio Barolini, Una lunga pazzia (Feltrinelli)
Alberto Bevilacqua, Una città in amore (Rizzoli)
Vera Cacciatore, La palestra (Salvatore Sciascia)
Giuseppe Cassieri, Il calcinaccio (Bompiani)
Giuseppe Longo, La Sicilia è un’isola (Martello)
Vito Magliocco, India da zero all’infinito (Nuova Edizione d’Italia)
Lucio Mastronardi, Il maestro di Vigevano (Einaudi)
Giuseppe Mazzaglia, La dama selvatica (Feltrinelli)
Gianna Murri, Gli ingenui intriganti (Mondadori)
Lanfranco Orsini, L’eclisse (Vallecchi)
Michele Prisco, La dama di piazza (Rizzoli)
Giorgio Saviane, L’inquisito (Lerici)
Mario Tobino, Il clandestino (Mondadori)
Marcello Venturi, L’ultimo veliero (Einaudi)
Alberto Vigevani, Le foglie di San Siro (Rizzoli)
Paolo Volponi, Memoriale (Garzanti)
"
1963,"
Oddone Beltrami, La foresta (Cino Del Duca)
Beppe Fenoglio, Un giorno di fuoco (Garzanti)
Natalia Ginzburg, Lessico famigliare (Einaudi)
Tommaso Landolfi, Rien va (Vallecchi)
Primo Levi, La tregua (Einaudi)
Guiscardo Nieri, L’estro armonico (Lerici)
Fortunato Pasqualino, Mio padre Adamo (Cappelli)
Antonio Pizzuto, Ravenna (Lerici)
Renzo Rosso, La dura spina (Feltrinelli)
Giorgio Saviane, Il papa (Rizzoli)
Pier Angelo Soldini, Il cavallo di Caligola (Ceschina)
Piero Spalletti, Esame di riparazione (Feltrinelli)
Fulvio Tomizza, La ragazza di Petrovia (Mondadori)
Dante Troisi, L’odore dei cattolici (Canesi)
"
1964,"
Giovanni Arpino, L’ombra delle colline (Mondadori)
Arrigo Benedetti, Il passo dei Longobardi (Mondadori)
Carlo Bernari, Era l’anno del sole quieto (Mondadori)
Alberto Bevilacqua, La Califfa (Rizzoli)
Laudomia Bonanni, L’adultera (Bompiani)
Bruno Fonzi, Il Maligno (Einaudi)
Augusto Frassineti, Un capitano a riposo (Feltrinelli)
Davide Lajolo, Il “voltagabbana” (Il Saggiatore)
Francesco Leonetti, L’incompleto (Garzanti)
Enzo Marangolo, Un posto tranquillo (Bompiani)
Milena Milani, La ragazza di nome Giulio (Longanesi)
Ottiero Ottieri, L’impagliatore di sedie (Bompiani)
Nino Palumbo, Oggi è sabato e domani è domenica (Canesi)
Pier Maria Pasinetti, La confusione (Bompiani)
Aldo Rosselli, Il megalomane (Vallecchi)
Dino Terra, Una storia meravigliosa (Ceschina)
Carlo Villa, La nausea media (Einaudi)
"
1965,"
Mario Bonfantini, La svolta (Feltrinelli)
Francesco Burdin, Caduta in piazza del Popolo (Cappelli)
Manlio Cancogni, La linea del Tomori (Mondadori)
Giuseppe Cassieri, Le trombe (Bompiani)
Gian Antonio Cibotto, La vaca mora (Vallecchi)
Goffredo Parise, Il padrone (Feltrinelli)
Giorgio Saviane, Il passo lungo (Garzanti)
Renzo Tomatis, Il laboratorio (Einaudi)
Marcello Venturoli, Lo sprecadonne (Rizzoli)
Paolo Volponi, La macchina mondiale (Garzanti)
"
1966,"
Alessandro Bonsanti, La nuova stazione di Firenze (Mondadori)
Pietro Buttitta, Il volantino (Rizzoli)
Italo Calvino, Le cosmicomiche (Einaudi)
Fausta Cialente, Un inverno freddissimo (Feltrinelli)
Gianni Clerici, Fuori rosa (Vallecchi)
Laura Conti, La condizione sperimentale (Mondadori)
Inìsero Cremaschi, A scopo di lucro (Mondadori)
Cesira Fiori, Una donna nelle carceri fasciste (Editori Riuniti)
Massino Grillandi, La casa di Faenza (Edizioni dell’Albero)
Luigi Malerba, Il serpente (Bompiani)
Lino Mezzacane, La ragnatela (Vallecchi)
Augusto Monti, Val d’Armirolo, ultimo amore (Mursia)
Giovanni Orelli, L’anno della valanga (Mondadori)
Michele Prisco, Una spirale di nebbia (Rizzoli)
Piero Santi, Libertà condizionata (Vallecchi)
Leonardo Sciascia, A ciascuno il suo (Einaudi)
Carla Vasio, L’orizzonte (Feltrinelli)
"
1967,"
Raffaello Brignetti, Il gabbiano azzurro (Einaudi)
Fabio Carpi, La digestione artificiale (Mondadori)
Piero Chiara, Il balordo (Mondadori)
Sandro De Feo, I cattivi pensieri (Garzanti)
Massimo Franciosa, L’arrischiata (Rizzoli)
Renato Ghiotto, Scacco alla regina (Rizzoli)
Augusto Gotti Lega, Lo zibellino (Vallecchi)
Tonino Guerra, L’equilibrio (Bompiani)
Anna Maria Ortese, Poveri e semplici (Vallecchi)
Ercole Patti, Un bellissimo novembre (Bompiani)
Goliarda Sapienza, Lettera aperta (Garzanti)
Dianella Selvatico Estense, Il senso delle cose (Edizioni dell’Albero)
"
1968,"
Minnie Alzona, Coma vigile (Rizzoli)
Antonio Barolini, L’ultima contessa di famiglia (Feltrinelli)
Arrigo Benedetti, Il ballo angelico (Mondadori)
Alberto Bevilacqua, L’occhio del gatto (Rizzoli)
Giulio Cattaneo, L’uomo delle novità  (Adelphi)
Italo Cremona, La coda della cometa (Vallecchi)
Raoul Maria De Angelis, Il piede di san Pietro (Trevi)
Carlo Della Corte, Di alcune comparse a Venezia (Mondadori)
Giuseppe Mesirca, Eros al mare (Mursia)
Pier Paolo Pasolini, Teorema (Einaudi)
Domenico Purificato, Galeone (Bietti)
Brunello Vandano, Addio alla grandezza (Mondadori)
Cesare Zavattini, Straparole (Bompiani)
"
1969,"
Giuseppe Bonaviri, La divina foresta (Rizzoli)
Giuseppe Brunamontini, L’ultimo atto (Rizzoli)
Piero Chiara, L’uovo al cianuro (Mondadori)
Giorgio Chiesura, La zona immobile e altre storie (Mondadori)
Franco Cordero, Genus (De Donato)
Carlo Della Corte, Il grande balipedio (Mondadori)
Cesare Garboli, La stanza separata (Mondadori)
Tonino Guerra, L’uomo parallelo (Bompiani)
Giuseppe Mazzaglia, Ricordo di Anna Paola Spadoni (Rizzoli)
Lalla Romano, Le parole tra noi leggere (Einaudi)
Claudio Savonuzzi, Nella linea d’ombra (Vallecchi)
Fulvio Tomizza, L’albero dei sogni (Mondadori)
Dante Troisi, Voci di Vallea (Rizzoli)
"
1970,"
Oddone Beltrami, L’errore (Palazzi)
Loris Jacopo Bononi, Diario postumo (Cappelli)
Carlo Castellaneta, La dolce compagna (Rizzoli)
Costanzo Costantini, Ho tentato di vivere (Sugar)
Raffaele Crovi, La corsa del topo (Mondadori)
Carlo Emilio Gadda, La meccanica (Garzanti)
Gian Luigi Piccioli, Arnolfini (Feltrinelli)
Guido Piovene, Le stelle fredde (Mondadori)
Nello Sàito, Dentro e fuori (Rizzoli)
Carlo Villa, I sensi lunghi (Einaudi)
Fiora Vincenti, Una Rolls-Royce nera (Mursia)
"
1971,"
Ugo Attardi, L’erede selvaggio (Rizzoli)
Raffaello Brignetti, La spiaggia d’oro (Rizzoli)
Luigi Brioschi, La terra desiderata (Rizzoli)
Carlo Cassola, Paura e tristezza (Einaudi)
Giuseppe D’Agata, Primo il corpo (Bompiani)
Sergio Ferrero, Il giuoco sul ponte (Mondadori)
Franco Ferrucci, L’anatra nel cortile (Rizzoli)
Franco Floreanini, La linea dell’orizzonte (Ceschina)
Marina Jarre, Negli occhi di una ragazza (Einaudi)
Paolo Marletta, Il lume dietro le spalle (Bietti)
Aldo Rosselli, Professione: mitomane (Vallecchi)
Edgardo Sogno, La pietra e la polvere (Mursia)
"
1972,"
Dario Bellezza, Lettere da Sodoma (Garzanti)
Guglielmo Biraghi, Lo sguardo nel buio (Rizzoli)
Mario Bonfantini, Scomparso a Venezia (Einaudi)
Luigi Bongiorno, La selva oscura (Mondadori)
Carlo Castellaneta, La paloma (Rizzoli)
Fabio De Agostini, Smolny (Edizioni Del Gattopardo)
Giuseppe Dessì, Paese d’ombre (Mondadori)
Corrado De Vita, W l’i… (Garzanti)
Gia Lagorio, Approssimato per difetto (Einaudi)
Ottiero Ottieri, Campo di concentrazione (Bompiani)
Francesca Sanvitale, Il cuore borghese (Vallecchi)
Alfredo Todisco, Il corpo (Rusconi)
J. Rodolfo Wilcock, Lo stereoscopio dei solitari (Adelphi)
"
1973,"
Francesco Burdin, Il viaggio a Varsavia (Marsilio)
Manlio Cancogni, Allegri, gioventù (Rizzoli)
Carla Cerati, Un amore fraterno (Einaudi)
Guido Ceronetti, Aquilegia (Rusconi)
Piero Chiara, Il pretore di Cuvio (Mondadori)
Costanzo Costantini, Il maschio nazionale (Sugar)
Italo Dragosei, Dossier infarto (Bietti)
Carlo Lapucci, Itinerario a Vega (Cappelli)
Raul Lunardi, La delazione (Fabbri)
Leros Pittoni, Un amore cosi fragile, così violento(Mursia)
Enzo Siciliano, Rosa (pazza e disperata) (Garzanti)
"
1974,"
Edith Bruck, Due stanze vuote (Marsilio)
Achille Campanile, Gli asparagi e l’immortalità dell’anima (Rizzoli)
Silvano Ceccherini, Il prezzo della saggezza (Bietti)
Luigi Compagnone, Ballata e morte di un capitano del popolo (Rusconi)
Pietro Ghilarducci, L’ombra degli ippocastani (Rizzoli)
Tonino Guerra, I cento uccelli (Bompiani)
Armanda Guiducci, La mela e il serpente (Rizzoli)
Alessandra Lavagnino, Una granita di caffè con panna(Mondadori)
Giosi Lippolis, La porta accanto (Pan)
Rosetta Loy, La bicicletta (Einaudi)
Sauro Marianelli, Il ragazzo dell’istituto (Bompiani)
Guglielmo Petroni, La morte del fiume (Mondadori)
Leros Pittoni, La gatta nera (Mursia)
Aldo Pocobelli, Sotto le stelle un medico (Bietti)
Renzo Renzi, Catene, tormenti e Charlotte (Cappelli)
Vittorio Schiraldi, Sii bella, sii triste (Mondadori)
"
1975,"
Laudomia Bonanni, Vietato ai minori (Bompiani)
Elda Bossi, Giornale del soldato stanco (Pan)
Mario Brelich, L’opera del tradimento (Adelphi)
Maria Paola Càntele, Il Vegegufo (Mondadori)
Brianna Carafa, La vita involontaria (Einaudi)
Carla Cerati, Un matrimonio perfetto (Marsilio)
Romano Costa, Lambras (Mondadori)
Maria Luisa D’Aquino, Quel giorno trent’anni fa (Guida)
Livio Dell’Anna, L’oncle Théophile (Il viale)
Emilio Isgrò, L’avventurosa vita di Emilio Isgrò (Il formichiere)
Tommaso Landolfi, A caso (Rizzoli)
Eraldo Miscia, Il gran custode delle terre grasse(Rusconi)
Vittoria Ronchey, Figlioli miei, marxisti immaginari (Rizzoli)
"
1976,"
Leila Baiardo, L’inseguimento (Bompiani)
Ferdinando Camon, Occidente (Garzanti)
Fausta Cialente, Le quattro ragazze Wieselberger (Mondadori)
Laura Di Falco, L’inferriata (Rizzoli)
Vittorio Gorresio, Costellazione Cancro (Rizzoli)
Milena Milani, Soltanto amore (Rusconi)
Giorgio Montefoschi, Il museo africano (Rizzoli)
Ottiero Ottieri, Contessa (Bompiani)
Renée Reggiani, Hanno rapito il papa (Garzanti)
Alessandro Spina, Ingresso a Babele (Rusconi)
"
1977,"
Minnie Alzona, Viaggio angelico (Rizzoli)
Luigi Bongiorno, L’uomo nero e il prato dei galli (Bompiani)
Vincenzo Guerrazzi, La fabbrica del sogno (Cooperativa Scrittori)
Mario Lattes, L’incendio del Regio (Einaudi)
Mario Lunetta, I ratti d’Europa (Editori Riuniti)
Toni Maraini, Anno 1424 (Marsilio)
Bruno Modugno, Re di macchia (Rusconi)
Giovanni Pascutto, La famiglia è sacra (Mondadori)
Carlo Sgorlon, Gli dei torneranno (Mondadori)
Fulvio Tomizza, La miglior vita (Rizzoli)
"
1978,"
Giuseppe Bonura, Per partito preso (Rusconi)
Ferdinando Camon, Un altare per la madre (Garzanti)
Grazia Livi, La distanza e l’amore (Garzanti)
Giorgio Montefoschi, L’amore borghese (Rizzoli)
Mario Angelo Ponchia, Cavaliere lunare (Edizioni dell’Urbe)
Carmelo Samonà, Fratelli (Einaudi)
Antonio Tabucchi, Il piccolo naviglio (Mondadori)
Alberto Vigevani, Fata Morgana (Mondadori)
"
1979,"
Paolo Bertolani, Ballata della contea di levante (Il formichiere)
Laudomia Bonanni, Il bambino di pietra (Bompiani)
Teresa Carpinteri, L’Eringio (Flaccovio)
Carlo Felice Colucci, I figli dell’arca (Cooperativa Scrittori)
Maria Luisa Fargion, Lungo le acque tranquille (Pan)
Alberto Lecco, Un Don Chisciotte in America(Mondadori)
Primo Levi, La chiave a stella (Einaudi)
Pasquale Maffeo, L’angelo bizantino (Città Armoniosa)
Luciano Marigo, Due giorni con Chiara (Città Armoniosa)
Franco Mimmi, Rivoluzione (Cappelli)
Stanislao Nievo, Aurora (Mondadori)
Luigi Piccioli, Sveva (Rusconi)
Giuseppe Scapucci, Epica contadina (Città Armoniosa)
Carlo Sgorlon, La carrozza di rame (Mondadori)
Lamberti Sorrentino, Sognare a Mathausen (Bompiani)
Ferruccio Ulivi, Le mani pure (Rizzoli)
Bruno Zavagli, I Paganeschi (Sansoni)
"
1980,"
Olivo Bin, Storia di un bocia (Città armoniosa)
Vittorio Gorresio, La vita ingenua (Rizzoli)
Luciano Marigo, La donna assurda (Città armoniosa)
Rossana Ombres, Serenata (Mondadori)
Giovanni Pascutto, Tre locali più servizi (Longanesi)
Giulio Petroni, Il rivale (Marsilio)
Nerino Rossi, Melanzio (Rusconi)
Renzo Rosso, Il segno del toro (Mondadori)
Francesca Sanvitale, Madre e figlia (Einaudi)
Vittorio Sermonti, Il tempo fra cane e lupo (Bompiani)
Giorgio Soavi, Sogni di gloria (Rizzoli)
Giovanna Vizzari, Un letto per Penelope (Vannini)
"
1981,"
Guido Artom, I giorni del mondo (Longanesi)
Gesualdo Bufalino, Diceria dell’untore (Sellerio)
Sepp D’Amore, Tornare in Italia (Soc. Editr. Napoletana)
Umberto Eco, Il nome della rosa (Bompiani)
Alain Elkann, Il tuffo (Mondadori)
Alberto Lecco, L’Ebreo (Città  Armoniosa)
Fabrizia Ramondino, Althénopis (Einaudi)
Vittorio Saltini, Il primo libro di Li Po (Mondadori)
Enzo Siciliano, La principessa e l’antiquario (Rizzoli)
"
1982,"
Carlo Coccioli, La casa di Tacubaya (Editoriale Nuova)
Andrea De Carlo, Uccelli da gabbia e da voliera(Einaudi)
Antonio De Petro, Fuor della vita è il termine (Città Armoniosa)
Corrado Indraccolo, Il fuorilecce (Congedo)
Rosetta Loy, L’estate di Letuqué (Rizzoli)
Raul Lunardi, Alessandria (Fògola)
Annalisa Moncada, L’anno venturo al di là del mare(Longanesi)
Goffredo Parise, Sillabario n. 2 (Mondadori)
Ettore Polito, L’altra sponda (Schena)
Renzo Ricchi, Attesa della farfalla (Vallecchi)
"
1983,"
Giampiero Bona, Passeggiata con il diavolo (Garzanti)
Isabella Bossi Fedrigotti, Casa di guerra (Longanesi)
Flavio Caroli, Mayerling, amore mio (Bompiani)
Carla Cerati, L’uno e l’altro (Rizzoli)
Gaia De Beaumont, Un venditore d’inchiostro (Frassinelli)
Antonio De Petro, L’imbroglio (Città Armoniosa)
Davide Lajolo, Il merlo di campagna e il merlo di città(Rizzoli)
Maria Rita Parsi, Album (Savelli)
Mario Pinzauti, Una cronaca del 1946 (Corso)
Mario Pomilio, Il Natale del 1833 (Rusconi)
Giuseppe Pontiggia, Il raggio d’ombra (Mondadori)
Antonio Ratiglia, Estraneo (Nuova Editrice Spada)
"
1984,"
Claudio Angelini, Malato speciale (Rusconi)
Pietro Citati, Tolstoj (Longanesi)
Francesca Duranti, La casa sul lago della luna (Rizzoli)
Fausto Gianfranceschi, Giorgio Vinci psicologo (Editoriale Nuova)
Roberto Giardina, La lingua del paradiso (Spirali)
Pieraldo Marasi, I fuochi dell’assedio (SugarCo)
Giovanni Mariotti, Butroto (Feltrinelli)
Ettore Polito, Otto rose per un fratello (Schena)
Aldo Rosselli, La famiglia Rosselli (Bompiani)
Francesca Sanvitale, L’uomo del parco (Mondadori)
Carlo Tondi, Polvere da brodo (SugarCo)
"
1985,"
Silvano Agosti, Il cercatore di rugiada e l’uomo proiettile(L’Immagine)
Giuliana Berlinguer, Una per sei (Camunia)
Gesualdo Bufalino, Argo il cieco ovvero i sogni della memoria (Sellerio)
Luca Canali, Spezzare l’assedio (Bompiani)
Giovanni Gigliozzi, Francesco e la povera dama (Newton Compton)
Nico Naldini, Vita di Giovanni Comisso (Einaudi)
Ferruccio Parazzoli, Il giardino delle rose (Rizzoli)
Renzo Ricchi, La punizione (Vallecchi)
Giuseppe Rovella, Deneb (Salvatore Sciascia)
Carlo Sgorlon, L’armata dei fiumi perduti (Mondadori)
Franco Zagato, Quando la luna (Marsilio)
"
1986,"
Maria Bellonci, Rinascimento privato (Mondadori)
Giuseppe Bonaviri, È un rosseggiar di peschi e d’albicocchi (Rizzoli)
Maria Giuditta Cristofanetti Boldrini, Forse verranno… (Cappelli)
Massimo D’Avack, Si sa dov’è il cuore (Rusconi)
Fabio De Agostini, Il breve passo (Edelweiss)
Alain Elkann, Le due babe (Mondadori)
Francesco Grisi, A futura memoria (Newton Compton)
Enrico Job, La palazzina di villeggiatura (Sellerio)
Laura Mancinelli, Il fantasma di Mozart (Einaudi)
Enrico Menduni, Caro P.C.I. (Bompiani)
Marta Morazzoni, La ragazza col turbante (Longanesi)
Roberto Pazzi, La principessa e il drago (Garzanti)
Giulio Petroni, Le speranze e gli inganni (Dalia)
Franco Rella, Attraverso l’ombra (Camunia)
Gianfranco Rossi, I sogni ricorrenti di Biagio Balestrieri (Pellicanolibri)
"
1987,"
Dario Bellezza, L’amor felice (Rusconi)
Arrigo Cavalieri, Il suo nome era Francesca (Edizioni dello Zibaldone)
Gaia De Beaumont, Care cose (Frassinelli)
Marco Lodoli e Silvia Bre, Snack Bar Budapest(Bompiani)
Claudio Magris, Danubio (Garzanti)
Luigi Malerba, Il pianeta azzurro (Garzanti)
Renato Minore, Leopardi (Bompiani)
Stanislao Nievo, Le isole del Paradiso (Mondadori)
Ettore Paratore, Era un’allegra brigata (Newton Compton)
Carla Perotti, Lungo le rive del tempo (De Agostini)
Sandra Petrignani, Navigazioni di Circe (Theoria)
Elisabetta Pierallini, I belli di famiglia (Camunia)
Nantas Salvalaggio, Fuga da Venezia (Rizzoli)
Clara Sereni, Casalinghitudine (Einaudi)
"
1988,"
Giuliana Berlinguer, Il braccio d’argento (Camunia)
Carlo Bernari, Il grande letto (Mondadori)
Gesualdo Bufalino, Le menzogne della notte (Bompiani)
Luca Canali, Sala Hobby (Il girasole)
Maurizio Cohen, La gabbia (Marsilio)
Giorgio Montefoschi, Lo sguardo del cacciatore (Rizzoli)
Roberto Pazzi, La malattia del tempo (Marietti)
Giorgio Prosperi, Un cavallo va alla guerra (Serarcangeli)
Brunello Vandano, Donna con cerchio e spada (Newton Compton)
Turi Vasile, Paura del vento (Sellerio)
"
1989,"
Barbara Alberti, Dispetti divini (Marsilio)
Giuseppe Antonelli, Lucullo (Newton Compton)
Franca Bacchiega, Falce di luna (Amadeus)
Gianfranco Bettetini, Deserto sulla terra (Bompiani)
Roberto Calasso, Le nozze di Cadmo e Armonia(Adelphi)
Paola Capriolo, Il nocchiero (Feltrinelli)
Ignazio Gandolfo, Piccolo boogie (Ellemme)
Mario Lunetta, Puzzle d’autunno (Camunia)
Salvatore Mannuzzu, Procedura (Einaudi)
Giovanni Passeri, L’esilio (Serarcangeli)
Giuseppe Pontiggia, La grande sera (Mondadori)
Clara Sereni, Manicomio primavera (Giunti)
"
1990,"
Paolo Barbaro, Una sola terra (Marsilio)
Luca Canali, Segreti (Editori Riuniti)
Carla Cerati, La cattiva figlia (Frassinelli)
Franco Cuomo, Gunther d’Amalfi, cavaliere templare(Newton Compton)
Vittorio Gassman, Memorie del sottoscala (Longanesi)
Marina Jarre, Ascanio e Margherita (Bollati Boringhieri)
Grytzko Mascioni, La notte di Apollo (Rusconi)
Raffaele Nigro, La baronessa dell’Olivento (Camunia)
Ettore Polito, La grande casa bianca (Schena)
Gianfranco Rossi, L’intreccio (Il Ventaglio)
Gianfranco Rugarli, Andromeda e la notte (Rizzoli)
Sebastiano Vassalli, La chimera (Einaudi)
Giovanna Vizzari, Medea (Editoriale Sette)
Guglielmo Zenchi, Carne in piedi (Ellemme)
"
1991,"
Paolo Barbaro, Lunario Veneziano (La Stampa)
Angela Bianchini, Capo d’Europa (Camunia)
Paola Capriolo, Il doppio regno (Bompiani)
Maria Rosa Cutrufelli, La briganta (La luna)
Antonio Debenedetti, Se la vita non è vita (Rizzoli)
Antonio De Petro, Giovanni (Città Armoniosa)
Gina Lagorio, Tra le mura stellate (Mondadori)
Enrico Morovich, Piccoli Amanti (Rusconi)
Susanna Tamaro, Per voce sola (Marsilio)
Paolo Volponi, La strada per Roma (Einaudi)
"
1992,"
Andrea Camilleri, La stagione della caccia (Sellerio)
Luca Canali, Diverse solitudini (Studio Tesi)
Carla Cerati, La perdita di Diego (Frassinelli)
Vincenzo Consolo, Nottetempo, casa per casa(Mondadori)
Luca Doninelli, La revoca (Garzanti)
Elena Ferrante, L’amore molesto (e/o)
Salvatore Mannuzzu, La figlia perduta (Einaudi)
Marina Mizzau, I bambini non volano (Bompiani)
Gianni Riotta, Cambio di stagione (Feltrinelli)
Vittoria Ronchey, 1944 (Rizzoli)
Marcello Venturoli, Io, Saffo (Newton Compton)
"
1993,"
Renato Besana, Frontiera di nebbia (Camunia)
Edith Bruck, Nuda proprietà  (Marsilio)
Luca Canali, Colpo d’ombra (Ponte alle Grazie)
Ennio De Concini, La verità  (SugarCo)
Melo Freni, Un amore a Spoleto (Pellicanolibri)
Dacia Maraini, Bagheria (Rizzoli)
Giovanni Mariotti, Matilde (Anabasi)
Gianluigi Melega, Tempo lungo (Baldini & Castoldi)
Rossana Ombres, Un dio coperto di rose (Mondadori)
Giulio Petroni, La strega di Colobraro (Dalia)
Domenico Rea, Ninfa plebea (Leonardo)
Clara Sereni, Il gioco dei regni (Giunti)
Emilio Tadini, La tempesta (Einaudi)
"
1994,"
Maria Luisa Aguirre D’Amico, L’altalena (Camunia)
Gaetano Cappelli, Volare basso (Frassinelli)
Luce D’Eramo, Ultima luna (Mondadori)
Grazia Livi, Vincoli segreti (La Tartaruga)
Margaret Mazzantini, Il catino di zinco (Marsilio)
Giorgio Montefoschi, La casa del padre (Bompiani)
Francesca Sanvitale, Il figlio dell’Impero (Einaudi)
Raffaele Sbrescia, Diario di un prefetto (Guida)
Filippo Tuena, Il volo dell’occasione (Longanesi)
Marcello Venturoli, La stella di Giuditta (Newton Compton)
"
1995,"
Dario Bellezza, Nozze col diavolo (Marsilio)
Andrea Camilleri, Il birraio di Preston (Sellerio)
Luca Canali, Nei pleniluni sereni (Longanesi)
Mariateresa Di Lascia, Passaggio in ombra (Feltrinelli)
Bruno Maier, L’assente (Studio Tesi)
Luigi Malerba, Le maschere (Mondadori)
Maria Orsini Natale, Francesca e Nunziata (Anabasi)
Elisabetta Rasy, Ritratti di signora (Rizzoli)
Giampaolo Rugarli, L’infinito, forse (Piemme)
Marisa Volpi, Congedi (Giunti)
"
1996,"
Alessandro Barbero, Bella vita e guerre altrui di Mr. Pyle, gentiluomo (Mondadori)
Rocco Carbone, Il comando (Feltrinelli)
Andrea Carraro, L’erba cattiva (Giunti)
Enrico Job, Il pittore felice (Sellerio)
Melania G. Mazzucco, Il bacio della Medusa (Baldini & Castoldi)
Giulio Mozzi, La felicità terrena (Einaudi)
Massimo Pedroni, Ferdinand (Serarcangeli)
Pia Pera, Diario di Lo (Marsilio)
Chiara Provera, Lettere al Califfo (Giunti)
Florio Santini, Il cuore non bruciò. Sulle orme di Shelley(Mauro Baroni)
Miro Silvera, Il prigioniero di Aleppo (Frassinelli)
Antonio Spinosa, Piccoli sguardi (Piemme)
Sandro Veronesi, Live (Bompiani)
"
1997,"
Eraldo Affinati, Campo del sangue (Mondadori)
Ippolita Avalli, La Dea dei baci (Baldini & Castoldi)
Raffaele Crovi, L’indagine di via Rapallo (Piemme)
Franco Cuomo, Il codice Macbeth (Newton Compton)
Giuseppina De Rienzo, Passo d’ombre (Avagliano)
Silvana Grasso, L’albero di Giuda (Einaudi)
Claudio Magris, Microcosmi (Garzanti)
Enrico Pellegrini, La negligenza (Marsilio)
Bruno Pischedda, Com’è grande la città  (Tropea)
Silvio Raffo, La voce della pietra (Il Saggiatore)
"
1998,"
Giuseppe Bordi, Attentato in Parlamento (Serarcangeli)
Carlo D’Amicis, Il ferroviere e il golden gol (Transeuropa)
Stefano Marcelli, Il dio femmina stuprato nel bosco(Fazi)
Benito Mazzi, Nel sole zingaro (Interlinea)
Melania G. Mazzucco, La camera di Baltus (Baldini & Castoldi)
Raffaele Nigro, Adriatico (Giunti)
Rosangela Percoco, Portami sul palco a ballare(Rusconi)
Romana Petri, Alle Case Venie (Marsilio)
Ludovica Ripa di Meana, Marzio e Marta (Il Saggiatore)
Enzo Siciliano, I bei momenti (Mondadori)
"
1999,"
Valerio Aiolli, Io e mio fratello (e/o)
Luther Blissett, Q (Einaudi)
Corrado Calabrò, Ricorda di dimenticarla (Newton Compton)
Maria Rosa Cutrufelli, Il paese dei figli perduti (Tropea)
Marco Ferrante, Mai alle quattro e mezzo (Fazi)
Marcello Fois, Gap (Frassinelli)
Nicola Lecca, Concerti senza orchestra (Marsilio)
Dacia Maraini, Buio (Rizzoli)
Giuseppe Montesano, Nel corpo di Napoli (Mondadori)
Roberto Pazzi, La città volante (Baldini & Castoldi)
"
2000,"
Vladimiro Bottone, L’ospite della vita (Avagliano)
Adele Cambria, Storia d’amore e schiavitù (Marsilio)
Andrea Canobbio, Indivisibili (Rizzoli)
Luca Doninelli, La nuova era (Garzanti)
Ernesto Ferrero, N. (Einaudi)
Fosco Maraini, Case, amori, universi (Mondadori)
Roberto Parpaglioni, In quattro tempi (Castelvecchi)
Alessandro Pera, Afa (Odradek)
Renata Pisu, La via della Cina (Sperling& Kupfer)
Giuseppe Quatriglio, Sabìr (Sellerio)
"
2001,"
Maria Pia Ammirati, I cani portano via le donne sole(Empirìa)
Roberto Barbolini, Chiamala veglia (Aragno)
Vincenzo Cerami, Fantasmi (Einaudi)
Antonio Debenedetti, Un giovedì dopo le cinque (Rizzoli)
Danilo Donati, Coprilfuoco (Newton Compton)
Annalucia Lomunno, Rosa sospirosa (Piemme)
Paola Mastrocola, Palline di pane (Guanda)
Vincenzo Pardini, La terza scimmia (Quiritta)
Sergio Pent, Il custode del museo dei giocattoli(Mondatori)
Domenico Starnone, Via Gemito (Fetrinelli)
Turi Vasile, Giòn (Pironti)
"
2002,"
Goffredo Buccini, Orapronò (Frassinelli)
Iride Cristina Carucci, Amalia a perdere (Editori Riuniti)
Paolo Del Colle, La ragazza dell’Eur (Quiritta)
Cesare de Seta, Terremoti (Aragno)
Lisa Ginzburg, Desiderava la bufera (Feltrinelli)
Sergio Givone, Nel nome di un dio barbaro (Einaudi)
Alessandra Lavagnino, Le bibliotecarie di Alessandria(Sellerio)
Giovanni Mastrangelo, African Soap (Marsilio)
Margaret Mazzantini, Non ti muovere (Mondadori)
Ermanno Rea, La dismissione (Rizzoli)
Giovanni Russo, Le olive verdi (Scheiwiller)
"
2003,"
Silvano Agosti, Il semplice oblio (L’immagine)
Roberto Alajmo, Cuore di madre (Mondadori)
Giuseppe Antonelli, Trenità  (peQuod)
Errico Buonanno, Piccola serenata notturna (Marsilio)
Franco Matteucci, Il visionario (Baldini & Castoldi)
Melania G. Mazzucco, Vita (Rizzoli)
Chiara Palazzolo, I bambini sono tornati (Piemme)
Antonio Pascale, La manutenzione degli affetti (Einaudi)
Sandra Petrignani, La scrittrice abita qui (Neri Pozza)
Leonardo Pica Ciamarra, Ad avere occhi per vedere(minimum fax)
Pietro Spirito, Speravamo di più (Guanda)
Valerio Varesi, Il fiume delle nebbie (Frassinelli)
"
2004,"
Vanessa Ambrosecchio, Cico c’è (Einaudi)
Marco Fabio Apolloni, Il mistero della Locanda Serny (Ponte alle Grazie)
Rocco Brindisi, Elena guarda il mare (Quiritta )
Maria Rosa Cutrufelli, La donna che visse per un sogno (Frassinelli)
Elena Loewenthal, Attese (Bompiani)
Enrico Micheli, Le scale del paradiso (Sellerio)
Marina Mizzau, Il silenzio dei pesci (Manni)
Valeria Parrella, Mosca più balena (minimum fax)
Flaminia Petrucci, Uova di luce (peQuod)
Francesco Piccolo, Allegro occidentale (Feltrinelli)
Paola Pitagora, Antigone e l’onorevole (Baldini Castoldi Dalai)
Ugo Riccarelli, Il dolore perfetto (Mondadori)
"
2005,"
Alberto Capitta, Creaturine (Frassinelli)
Rosalba Conserva, Casa Bàrnaba (Manni)
Giuseppe Conte, La casa delle onde (Longanesi)
Maurizio Cucchi, Il male è nelle cose (Mondadori)
Giovanna Giordano, Il mistero di Lithian (Marsilio)
Maurizio Maggiani, Il viaggiatore notturno (Feltrinelli)
Enzo Muzii, Fuori dai giochi (Aragno)
Edoardo Nesi, L’età  dell’oro (Bompiani)
Valeria Parrella, Per grazia ricevuta (minimum fax)
Beppe Sebaste, H.P. L’ultimo autista di Lady Diana(Quiritta)
Paolo Teobaldi, La badante (e/o)
"
2006,"
Massimo Cacciapuoti, L’abito da sposa (Garzanti)
Sergio De Santis, Cronache dalla città dei crolli(Avagliano)
Francesco Fontana, L’imitatore di corvi (Feltrinelli)
Pietro Grossi, Pugni (Sellerio)
Lucrezia Lerro, Certi giorni sono felice (peQuod)
Giuseppe Manfridi, Cronache dal paesaggio (Gremese)
Massimiliano Palmese, L’amante proibita (Newton Compton)
Claudia Patuzzi, La stanza di Garibaldi (Manni)
Rossana Rossanda, La ragazza del secolo scorso(Einaudi)
Wilson Saba, Sole & baleno (Il Foglio)
Sandro Veronesi, Caos Calmo (Bompiani)
"
2007,"
Milena Agus, Mal di pietre (nottetempo)
Silvia Bonucci, Gli ultimi figli (Avagliano)
Laura Bosio, Le stagioni dell’acqua (Longanesi)
Maria Stella Conte, La casa dei gusci di granchio(Baldini Castoldi Dalai)
Francesco Fagioli, Un certo senso (Marsilio)
Andrea Ferrari, Passaggi di tempo (Fazi)
Mario Fortunato, I giorni innocenti della guerra(Bompiani)
Fabio Geda, Per il resto del viaggio ho sparato agli indiani (Instar)
Franco Matteucci, Il profumo della neve (Newton Compton)
Rossella Postorino, La stanza di sopra (Neri Pozza Bloom)
Carola Susani, Percore vive (minimum fax)
Elena Varvello, L’economia delle cose (Fandango)
"
2008,"
Ruggero Cappuccio, La notte dei due silenzi (Sellerio)
Cristina Comencini, L’illusione del bene (Feltrinelli)
Carlo D’Amicis, La guerra dei cafoni (minimum fax)
Diego De Silva, Non avevo capito niente (Einaudi)
Giuseppina De Rienzo, Vico del fico al Purgatorio (Manni)
Paolo Giordano, La solitudine dei numeri primi (Mondadori)
Ron Kubati, Il buio del mare (Giunti)
Giuseppe Manfridi, La cuspide di ghiaccio (Gremese)
Cristina Masciola, Razza bastarda (Fanucci)
Emiliano Poddi, Tre volte invano (Instar Libri)
Lidia Ravera, Le seduzioni dell’inverno (nottetempo)
Ermanno Rea, Napoli ferroviaria (Rizzoli)
"
2009,"
Ugo Barbàra, In terra consacrata (Piemme)
Filippo Bologna, Come ho perso la guerra (Fandango Libri)
Dario Buzzolan, I nostri occhi sporchi di terra (Baldini Castoldi Dalai)
Gaetano Cappelli, La vedova, il Santo e il segreto del Pacchero estremo (Marsilio)
Cristiano Cavina, I frutti dimenticati (Marcos y Marcos)
Linda Ferri, Cecilia (e/o)
Massimo Lugli, L’istinto del lupo (Newton Compton)
Tiziano Scarpa, Stabat Mater (Einaudi)
Antonio Scurati, Il bambino che sognava la fine del mondo (Bompiani)
Giorgio Vasta, Il tempo materiale (minimum fax)
Cesarina Vighy, L’ultima estate (Fazi)
Andrea Vitali, Almeno il cappello (Garzanti)
"
2010,"
Silvia Avallone, Acciaio (Rizzoli)
Angela Bubba, La casa (Elliot)
Barbara Garlaschelli, Non ti voglio vicino (Frassinelli)
Beatrice Masini, Bambini nel bosco (Fanucci)
Rosa Matteucci, Tutta mio padre (Bompiani)
Sebastiano Mondandori, Un anno fa domani (Instar Libri)
Raul Montanari, Strane cose, domani (Baldini Castoldi Dalai)
Matteo Nucci, Sono comuni le cose degli amici (Ponte alle Grazie)
Lorenzo Pavolini, Accanto alla tigre (Fandango)
Antonio Pennacchi, Canale Mussolini (Mondadori)
Francesco Recami, Prenditi cura di me (Sellerio)
Paolo Sorrentino, Hanno tutti ragione (Feltrinelli)
"
2011,"
Bruno Arpaia, L’energia del vuoto (Guanda)
Gino Battaglia, Malabar (Guida)
Alessandro Bertante, Nina dei Lupi (Marsilio)
Luciana Castellina, La scoperta del mondo (nottetempo)
Mario Desiati, Ternitti (Mondadori)
Viola Di Grado, Settanta acrilico trenta lana (e/o)
Fabio Geda, Nel mare ci sono i coccodrilli (Dalai)
Lorenzo Greco, Il confessore di Cavour (Manni)
Edoardo Nesi, Storia della mia gente (Bompiani)
Giorgio Nisini, La città di Adamo (Fazi)
Gilberto Severini, A cosa servono gli amori infelici (Playground)
Mariapia Veladiano, La vita accanto (Einaudi)
"
2012,"
Giuseppe Aloe, La logica del desiderio (Giulio Perrone editore)
Gianrico Carofiglio, Il silenzio dell’onda (Rizzoli)
Davide Enia, Così in terra (Dalai editore)
Marcello Fois, Nel tempo di mezzo (Einaudi)
Lorenza Ghinelli, La colpa (Newton Compton)
Giovanni Greco, Malacrianza (Nutrimenti)
Giorgio Manacorda, Il corridoio di legno (Voland)
Marco Mantello, La rabbia (Transeuropa)
Gaia Manzini, La scomparsa di Lauren Armstrong (Fandango)
Carlo Pedini, La sesta stagione (Cavallo di ferro)
Alessandro Piperno, Inseparabili. Il fuoco amico dei ricordi (Mondadori)
Emanuele Trevi, Qualcosa di scritto (Ponte alle Grazie)
"
2013,"
Lorenzo Amurri, Apnea (Fandango)
Aldo Busi, El especialista de Barcelona (Dalai)
Gaetano Cappelli, Romanzo irresistibile della mia vita vera (Marsilio)
Matteo Cellini, Cate, io (Fazi)
Paolo Cognetti, Sofia si veste
sempre di nero (minimum fax)
Paolo Di Paolo, Mandami tanta vita (Feltrinelli)
Alessandra Fiori, Il cielo è dei potenti (e/o)
Matteo Marchesini, Atti mancati (Voland)
Alessandro Perissinotto, Le colpe dei padri (Piemme)
Romana Petri, Figli dello stesso padre (Longanesi)
Walter Siti, Resistere non serve a niente (Rizzoli)
Simona Sparaco, Nessuno sa di noi (Giunti)
"
2014,"
Giuseppe Catozzella, Non dirmi che hai paura (Feltrinelli)
Antonella Cilento, Lisario o il piacere infinito delle donne (Mondadori)
Donatella Di Pientrantonio, Bella mia (Elliot)
Gipi, unastoria (Coconino Press-Fandango)
Marco Magini, Come fossi solo (Giunti)
Giuseppe Munforte, Nella casa di vetro (Gaffi)
Francesco Pecoraro, La vita in tempo di pace (Ponte alle Grazie)
Paolo Piccirillo, La terra del Sacerdote (Neri Pozza)
Francesco Piccolo, Il desiderio di essere come tutti (Einaudi)
Giorgio Pressburger, Storia umana e inumana (Bompiani)
Elisa Ruotolo, Ovunque, proteggici (Nottetempo)
Antonio Scurati, Il padre infedele (Bompiani)
"
2015,"
Vinicio Capossela, Il paese dei coppoloni (Feltrinelli)
Mauro Covacich, La sposa (Bompiani)
Elena Ferrante, Storia della bambina perduta (e/o)
Vins Gallico, Final Cut (Fandango)
Fabio Genovesi, Chi manda le onde (Mondadori)
Nicola Lagioia, La ferocia (Einaudi)
Wanda Marasco, Il genio dell’abbandono (Neri Pozza)
Marina Mizzau, Se mi cerchi non ci sono (Manni)
Marco Santagata, Come donna innamorata (Guanda)
Clara Sereni, Via Ripetta 155 (Giunti)
Paolo Zardi, XXI Secolo (Neo)
Zerocalcare, Dimentica il mio nome (Bao Publishing)
"
2016,"
Eraldo Affinati, L’uomo del futuro (Mondadori)
Edoardo Albinati, La scuola cattolica (Rizzoli)
Rossana Campo, Dove troverete un altro padre come il mio (Ponte alla Grazie)
Luciano Funetta, Dalle rovine (Tunué)
Simona Lo Iacono, Le streghe di Lenzavacche (e/o)
Paolo Malaguti, La reliquia di Costantinopoli (Neri Pozza)
Giordano Meacci, Il cinghiale che uccise Liberty Valance (minimum fax)
Antonio Moresco, L’addio (Giunti)
Demetrio Paolin, Conforme alla gloria (Voland)
Raffaella Romagnolo, La figlia sbagliata (Frassinelli)
Vittorio Sermonti, Se avessero (Garzanti)
Elena Stancanelli, La femmina nuda (La nave di Teseo)
"
2017,"
Teresa Ciabatti, La più amata (Mondadori)
Paolo Cognetti, Le otto montagne (Einaudi)
Marco Ferrante, Gin tonic a occhi chiusi (Giunti)
Wanda Marasco, La compagnia delle anime finte (Neri Pozza)
Chiara Marchelli, Le notti blu (Perrone)
Monaldi&Sorti, Malaparte. Morte come me (Baldini&Castoldi)
Matteo Nucci, È giusto obbedire alla notte (Ponte alle Grazie)
Ferruccio Parazzoli, Amici per paura (SEM)
Nicola Ravera Rafele, Il senso della lotta (Fandango Libri)
Alberto Rollo, Un’educazione milanese (Manni)
Marco Rossari, Le cento vite di Nemesio (e/o)
Vanni Santoni, La stanza profonda (Laterza)
"
2018,"
Marco Balzano, Resto qui (Einaudi) 
Carlo Carabba, Come un giovane uomo (Marsilio) 
Carlo D’Amicis, Il gioco (Mondadori) 
Silvia Ferreri, La madre di Eva (NEO Edizioni)
Helena Janeczek, La ragazza con la Leica (Guanda) 
Lia Levi, Questa sera è già domani (Edizioni E/O)
Elvis Malaj, Dal tuo terrazzo si vede casa mia (Racconti Edizioni)
Francesca Melandri, Sangue giusto (Rizzoli) 
Angela Nanetti, Il figlio prediletto (Neri Pozza) 
Sandra Petrignani, La corsara. Ritratto di Natalia Ginzburg (Neri Pozza)
Andrea Pomella, Anni luce (ADD Editore)
Yari Selvetella, Le stanze dell’addio (Bompiani)
"
2019,"
Valerio Aiolli, Nero ananas (Voland)
Paola Cereda, Quella metà di noi (Perrone)
Benedetta Cibrario, Il rumore del mondo (Mondadori)
Mauro Covacich, Di chi è questo cuore (La nave di Teseo)
Claudia Durastanti, La straniera (La nave di Teseo)
Pier Paolo Giannubilo, Il risolutore (Rizzoli)
Marina Mander, L’età straniera (Marsilio)
Eleonora Marangoni, Lux (Neri Pozza)
Cristina Marconi, Città irreale (Ponte alle Grazie)
Marco Missiroli, Fedeltà (Einaudi)
Antonio Scurati, M. Il figlio del secolo (Bompiani)
Nadia Terranova, Addio fantasmi (Einaudi)
"
2020,"
Silvia Ballestra, La nuova stagione (Bompiani)
Marta Barone, Città sommersa (Bompiani)
Jonathan Bazzi, Febbre (Fandango Libri)
Gianrico Carofiglio, La misura del tempo (Einaudi)
Gian Arturo Ferrari, Ragazzo italiano (Feltrinelli)
Alessio Forgione, Giovanissimi (NN Editore)
Giuseppe Lupo, Breve storia del mio silenzio (Marsilio)
Daniele Mencarelli, Tutto chiede salvezza (Mondadori)
Valeria Parrella, Almarina (Einaudi)
Remo Rapino, Vita, morte e miracoli di Bonfiglio Liborio (Minimum Fax)
Sandro Veronesi, Il colibrì (La nave di Teseo)
Gian Mario Villalta, L’apprendista (SEM)
"
2021,"
Andrea Bajani, Il libro delle case (Feltrinelli)
Edith Bruck, Il pane perduto (La nave di Teseo)
Maria Grazia Calandrone, Splendi come vita (Ponte alle Grazie)
Giulia Caminito, L’acqua del lago non è mai dolce (Bompiani)
Teresa Ciabatti, Sembrava bellezza (Mondadori)
Donatella Di Pietrantonio, Borgo Sud (Einaudi)
Lisa Ginzburg, Cara pace (Ponte alle Grazie)
Giulio Mozzi, Le ripetizioni (Marsilio)
Daniele Petruccioli, La casa delle madri (TerraRossa)
Emanuele Trevi, Due vite (Neri Pozza)
Alice Urciuolo, Adorazione (66thand2nd)
Roberto Venturini, L’anno che a Roma fu due volte Natale (SEM)
"
